http://www.flightclub.com/air-jordans
http://www.flightclub.com/womens-air-jordan-3-retro-white-harbor-blue-boarder-blue-010536
http://www.flightclub.com/nike
http://www.flightclub.com/nike-dunk-sb-emb-pro-white-pro-gold-black-gerdal-080209
http://www.flightclub.com/adidas-zx-flux-w-rita-ora-asian-arena-cblack-cblack-ftwwht-201185
http://www.flightclub.com/flight-club-race-day-tank-3m-heather-grey-silver-700903
http://www.flightclub.com/air-jordan-5-retro-og-2016-release-black-fire-red-mtllc-slvr-wht-012471
http://www.flightclub.com/air-jordan-12-retro-taxi-2013-release-white-black-taxi-varsity-red-011844
http://www.flightclub.com/nike-dunk-high-prm-sb-diamond-aqua-chrome-black-081056
http://www.flightclub.com/air-jordan-13-retro-2013-release-black-varsity-red-white-011685
http://www.flightclub.com/jordan-aj1-ko-high-ajko-black-black-sport-blue-011983
http://www.flightclub.com/air-jordan-7-retro-premio-bin23-white-del-sol-black-chllng-red-011310
http://www.flightclub.com/asics-gel-lyte-3-miami-miami-fanfare-991802
http://www.flightclub.com/air-jordan-10-retro-ovo-ovo-summit-white-metallic-gold-wht-012292
http://www.flightclub.com/air-jordan-2-retro-white-black-vrsty-red-cmnt-gry-011923
http://www.flightclub.com/nike-lebron-8-v-2-low-miami-night-white-solar-red-glass-blue-041534
http://www.flightclub.com/air-jordan-7-retro-barcelona-days-drk-gry-trqs-bl-wlf-gry-ttl-or-012220
http://www.flightclub.com/saucony-grid-9000-snow-beach-nvy-yel-991905
http://www.flightclub.com/nike-ws-air-huarache-run-bronzine-bronzine-bronzine-sail-black-052450
http://www.flightclub.com/nike-air-yeezy-2-nrg-wolf-grey-pure-platinum-090139
http://www.flightclub.com/asics-gel-lyte-5-cncpts-red-grey-991902
http://www.flightclub.com/nike-air-yeezy-2-sp-red-october-red-red-090148
http://www.flightclub.com/nike-max-lebron-11-low-gum-blck-blck-hypr-crmsn-hypr-cblt-042198
http://www.flightclub.com/nike-air-foamposite-one-2011-release-dk-neon-royal-white-black-041376
http://www.flightclub.com/nike-air-foamposite-1-supreme-sp-supreme-black-black-metallic-gold-042117
http://www.flightclub.com/air-jordan-1-retro-high-og-black-white-black-012056
http://www.flightclub.com/air-jordan-13-retro-low-bred-black-mtllc-gld-universty-rd-wht-012240
http://www.flightclub.com/air-jordan-13-retro-dirty-bred-black-gym-red-black-012058
http://www.flightclub.com/air-jordan-7-retro-hare-white-true-red-light-slvr-trmln-012227
http://www.flightclub.com/nike-air-max-90-og-infrared-white-cement-grey-infrared-black-052640
http://www.flightclub.com/nike-air-foamposite-pro-red-october-gym-red-gym-red-black-042359
http://www.flightclub.com/air-jordan-2-retro-don-c-don-c-brght-bl-mtllc-gld-unvrsty-rd-012150
http://www.flightclub.com/nike-air-trainer-1-mid-prm-qs-nike-knows-multi-color-ice-blue-060380
http://www.flightclub.com/air-jordan-retro-13-gg-gs-black-hyper-pink-white-012078
http://www.flightclub.com/air-jordan-6-retro-low-chrome-black-metallic-silver-white-012281
http://www.flightclub.com/nike-air-force-1-high-supreme-sp-supreme-white-white-021420
http://www.flightclub.com/nike-kyrie-1-deceptive-red-brght-crmsn-blk-unvrsty-rd-bl-042301
http://flightclub.com/air-jordans
http://flightclub.com/nike
http://www.flightclub.com/nike-basketball
http://www.flightclub.com/nike-running


http://www.stadiumgoods.com/air-jordan
http://www.stadiumgoods.com/nike
http://www.stadiumgoods.com/adidas
http://www.stadiumgoods.com/kobe-9-green-abyss-brght-mango-vvd-bl-695353-384
http://www.stadiumgoods.com/nike-roshe-run-print-court-purple-white-ttl-crimson-655206-518
http://www.stadiumgoods.com/dunk-sb-emb-pro-white-pro-gold-black-gerdal-315355-171
http://www.stadiumgoods.com/kd-iv-supreme-gamma-blue-dusty-grey-flsh-lm-618216-400
http://www.stadiumgoods.com/dunk-low-pro-sb-laser-crimson-black-team-red-304292-606
http://www.stadiumgoods.com/nike-rosherun-squadron-blue-fbrglss-sprt-trq-511881-443

m-3-air-jordan.aspx
m-25-jordan-other.aspx
m-4-nike-air-force.aspx
m-5-nike-skateboarding.aspx
m-26-nike-dunk.aspx
m-6-nike-basketball.aspx
m-16-nike-running.aspx
m-28-nike-training.aspx
m-40-lv-x-kanye-west.aspx
m-45-adidas.aspx
m-59-bape.aspx
m-55-reebok.aspx
p-1464-air-jordan-11-retro-2011-white-black-concord.aspx
p-1111-nike-zoom-lebron-5-mr-basketball.aspx
p-949-air-jordan-1-retro-xq-white-gold.aspx
p-145-air-jordan-11-retro-2000-space-jam.aspx
p-284-air-jordan-4-retro-lightning.aspx
p-1443-air-jordan-7-retro-yotr-year-of-the-rabbit.aspx
p-1906-air-force-1-high-supreme-sp-red-white.aspx
p-923-bape-sta-dc-comics-the-flash.aspx
p-946-air-jordan-1-retro-grey-silver.aspx
p-1952-nike-hyperchase-x-fragment-royal-white.aspx
p-1984-air-jordan-5-retro-pre-grape-hornets.aspx
p-1802-nike-kobe-8-system-what-the-kobe.aspx
p-1519-nike-air-pr1-black-black-dark-grey.aspx
p-1365-air-jordan-1-retro-ko-hi-white-black-red.aspx
p-1698-air-jordan-3-retro-88-white-cement-grey.aspx
p-1801-air-jordan-10-retro-gs-doernbecher.aspx
p-2077-air-jordan-12-retro-unc.aspx
p-2021-adidas-x-yeezy-350-boost-pirate-black.aspx
p-1326-nike-sb-dunk-low-ms-pacman.aspx
p-2036-air-jordan-8-retro-2015-black-aqua.aspx
p-1823-nike-air-yeezy-2-sp-red.aspx
p-1966-air-jordan-4-retro-laser-30th-anniversary.aspx
p-1761-nike-lebron-10-ext-qs-hazelnut.aspx
p-2038-air-jordan-1-retro-high-og-cyber-monday.aspx
p-1381-air-jordan-13-retro-white-red.aspx
p-2050-nike-air-foamposite-one-university-blue.aspx
p-2056-air-jordan-12-retro-gg-valentines-day.aspx
p-1825-nike-dunk-high-pro-sb-dr-feelgood.aspx
p-1486-air-jordan-11-retro-countdown-pack.aspx

search_item.php?name1=LEBRON%209&name2=CHRISTMAS&name_remark=sprt%2Frd%2Frlct%20slvr-white-Icky
search_item.php?name1=AIR%20JORDAN%203&name2=RETRO%2025TH%20ANNIVERSARY&name_remark=white%2Fmetallic%20silver
search_item.php?name1=DUNK%20LOW%20SB&name2=TAKASHI%202&name_remark=black%2Fmetallic%20silver
search_item.php?name1=KOBE%2010%20LOW&name2=HTM&name_remark=black%2Fmetallic%20silver-drk%20grey
search_item.php?name1=AIR%20JORDAN%203&name2=RETRO%20FLIP&name_remark=white%2Fblk%20metallic%20silver-varsity%20red
search_item.php?name1=AIR%20JORDAN%203%20RETRO&name2=WOLF%20GREY&name_remark=wolf%20grey%2Fmtllc%20%20slvr-blck-wht
airjordan.php
airforce.php
sb.php
dunk.php
airmax.php
nike.php
other.php

http://www.projectblitz.com/adidas-yeezy-boost-750-27350.html
http://www.projectblitz.com/adidas-yeezy-boost-350-24784.html
http://www.projectblitz.com/adidas-yeezy-boost-750.html
http://www.projectblitz.com/adidas-yeezy-boost-350-21736.html
http://www.projectblitz.com/adidas-ultraboost-uncaged-m-28590.html
http://www.projectblitz.com/adidas-nmd-cs1-28601.html
http://www.projectblitz.com/adidas-nmd-r1-28581.html
http://www.projectblitz.com/vans-authentic-69-pro-s.html
http://www.projectblitz.com/air-jordan-retro-10-28438.html
http://www.projectblitz.com/air-jordan-12-retro-gg-28375.html
http://www.projectblitz.com/air-jordan-7-retro-28372.html
http://www.projectblitz.com/air-jordan-2-retro-q54.html
http://www.projectblitz.com/air-jordan-14-retro-28373.html
http://www.projectblitz.com/adidas-ultraboost-uncaged-m-28353.html

/collections/jordan
/collections/jordan-i/Jordan-1
/collections/jordan-ii/Jordan-2
/collections/jordan-iii/Jordan-3
/collections/jordan-iv/Jordan-4
/collections/jordan-v/Jordan-5
/collections/jordan-vi/Jordan-6
/collections/jordan-vii/Jordan-7
/collections/jordan-viii/Jordan-8
/collections/jordan-ix/Jordan-9
/collections/jordan-x/Jordan-10
/collections/jordan-xi/Jordan-11
/collections/jordan-xii/Jordan-12
/collections/jordan-xiii/Jordan-13
/collections/jordan-xiv/Jordan-14
/collections/jordan-xv/Jordan-15
/collections/jordan-xvi/Jordan-16
/collections/jordan-xvii/Jordan-17
/collections/jordan-xviii/Jordan-18
/collections/jordan-xix/Jordan-19
/collections/jordan-xx/Jordan-20
/collections/jordan-xxi/Jordan-21
/collections/jordan-xxii/Jordan-22
/collections/jordan-xxiii/Jordan-23
/collections/jordan-xx9/Jordan-29
/collections/jordan-future/Future
/collections/nike-basketball
/collections/nike-sb
/collections/air-force-1
/collections/adidas/Adidas
/collections/air-max/Air-Max
/collections/asics/Asics
/collections/other/Puma
/collections/nike
/collections/kevin-durant
/collections/lebron
/collections/kobe
/collections/foamposite
/collections/dunk-mid
/collections/dunk-high
/collections/nike-running
/collections/air-max-1
/collections/air-max-90
/collections/air-max-95
/collections/air-max-97
/collections/air-force-1-low
/collections/air-force-1-mid
/collections/air-force-1-high
/collections/saucony
/collections/asics
/collections/reebok
/products/nike-roshe-run-size-1
/products/jordan-v-olympic-preorder
/products/adidas-nmd-r1-pk-grey-camo-pack-1
/products/jordan-xi-closing-ceremony-pre-order
/products/jordan-i-bred-2016-pre-order
/products/jordan-v-black-metallic-2017
/products/lebron-soldier-10-multicolor
/products/asics-gel-lyte-iii-mita-x-beams
/products/jordan-v-black-metallic-gs-2016
/products/copy-of-adidas-nmd-runner-grey-red
/products/jordan-xxx-quai-54
/products/jordan-xi-closing-ceremony
/products/adidas-nmd-r1-3-stripesblack
/products/copy-of-nike-kobe-9-elite-strategy
/products/air-yeezy-1-tan-net-kanye-west-autographed
/products/lebron-7-hardwood-classic-blue-suede-sample
/products/kobe-mamba-moment-id-white
/products/adidas-ultra-boost-2-0-triple-white-1
/products/jordan-ii-candy-packred
/products/jordan-xiii-baron-gs-1
/products/nike-kd-9-usa
/products/adidas-nmd-pharrell-yellow
/products/jordan-xi-low-cherry-2017
/products/jordan-v-black-metallic-2016
/products/nike-kobe-11-quai-54
/products/jordan-xiv-black-pink-2005
/products/jordan-xiv-black-toe-2014-gs
/products/nike-huarache-nicekicks
/products/adidas-nmd-r1-pk-grey-camo-pack
/products/star-wars-x-vans
/products/jordan-xii-ovo-sample
/products/air-force-1-tisci-mid-tan
/products/air-jordan-viii-c-c-confetti
/products/air-jordan-viii-c-c-trophy
/products/puma-blaze-of-glory-x-bape
/products/adidas-350-yeezy-boost-pirate-black-2015
/products/lebron-2-oregon-away
/products/jordan-xii-gym-red-2016
/products/adidas-tubular-doom-pk
/products/adidas-nmd-r1-grey
/products/adidas-nmd-pk-white
/products/adidas-nmd-core-black-1

http://www.pys.com/shoes?___SID=U
http://www.pys.com/kids?___SID=U
http://www.pys.com/shoes?price=-50
http://www.pys.com/shoes?price=50-100
http://www.pys.com/shoes?price=100-150
http://www.pys.com/shoes?price=150-200
http://www.pys.com/shoes?price=200-250
http://www.pys.com/shoes?price=250-300
http://www.pys.com/shoes?price=300-350
http://www.pys.com/shoes?price=350-400
http://www.pys.com/shoes?price=450-500
http://www.pys.com/shoes?price=550-
http://www.pys.com/shoes?manufacturer=369
http://www.pys.com/shoes?manufacturer=370
http://www.pys.com/shoes?manufacturer=371
http://www.pys.com/shoes?manufacturer=372
http://www.pys.com/shoes?manufacturer=375
http://www.pys.com/shoes?manufacturer=541
http://www.pys.com/shoes?manufacturer=377
http://www.pys.com/shoes?manufacturer=763
http://www.pys.com/shoes?manufacturer=379
http://www.pys.com/shoes?manufacturer=381
http://www.pys.com/shoes?manufacturer=748
http://www.pys.com/shoes?manufacturer=387
http://www.pys.com/shoes?manufacturer=757
http://www.pys.com/shoes?manufacturer=388
http://www.pys.com/shoes?manufacturer=389
http://www.pys.com/shoes?manufacturer=392
http://www.pys.com/shoes?manufacturer=394
http://www.pys.com/shoes?manufacturer=395
http://www.pys.com/shoes?manufacturer=396
http://www.pys.com/shoes?manufacturer=655
http://www.pys.com/shoes?manufacturer=760
http://www.pys.com/shoes?manufacturer=399
http://www.pys.com/shoes?manufacturer=400
http://www.pys.com/shoes?manufacturer=401
http://www.pys.com/shoes?manufacturer=403
http://www.pys.com/shoes?manufacturer=764
http://www.pys.com/shoes?manufacturer=404
http://www.pys.com/shoes?manufacturer=690
http://www.pys.com/shoes?manufacturer=407
http://www.pys.com/shoes?manufacturer=417
http://www.pys.com/shoes?manufacturer=418
http://www.pys.com/shoes?manufacturer=420
http://www.pys.com/shoes?manufacturer=717
http://www.pys.com/shoes?manufacturer=421
http://www.pys.com/shoes?manufacturer=425
http://www.pys.com/shoes?manufacturer=427
http://www.pys.com/shoes?manufacturer=428
http://www.pys.com/shoes?manufacturer=429
http://www.pys.com/shoes?manufacturer=410
http://www.pys.com/shoes?manufacturer=411
http://www.pys.com/shoes?manufacturer=412
http://www.pys.com/shoes?manufacturer=413
http://www.pys.com/shoes?manufacturer=414
http://www.pys.com/shoes?manufacturer=416
http://www.pys.com/shoes?manufacturer=438
http://www.pys.com/shoes?manufacturer=1083
http://www.pys.com/shoes?manufacturer=443
http://www.pys.com/shoes?manufacturer=445
http://www.pys.com/shoes?manufacturer=446
http://www.pys.com/shoes?manufacturer=430
http://www.pys.com/shoes?manufacturer=432
http://www.pys.com/shoes?manufacturer=434
http://www.pys.com/shoes?manufacturer=451
http://www.pys.com/shoes?manufacturer=453
http://www.pys.com/shoes?manufacturer=380
http://www.pys.com/shoes?manufacturer=459
http://www.pys.com/shoes?manufacturer=460
http://www.pys.com/shoes?manufacturer=782
http://www.pys.com/shoes?manufacturer=461
http://www.pys.com/shoes?manufacturer=463
http://www.pys.com/shoes?manufacturer=464
http://www.pys.com/shoes?manufacturer=467
http://www.pys.com/shoes?manufacturer=468
http://www.pys.com/shoes?manufacturer=517
http://www.pys.com/shoes?manufacturer=470
http://www.pys.com/shoes?manufacturer=696
http://www.pys.com/shoes?manufacturer=473
http://www.pys.com/shoes?manufacturer=576
http://www.pys.com/shoes?manufacturer=501
http://www.pys.com/shoes?manufacturer=502
http://www.pys.com/shoes?manufacturer=504
http://www.pys.com/shoes?manufacturer=490
http://www.pys.com/shoes?manufacturer=493
http://www.pys.com/shoes?manufacturer=494
http://www.pys.com/shoes?manufacturer=498
http://www.pys.com/shoes?manufacturer=499
http://www.pys.com/shoes?manufacturer=500
http://www.pys.com/shoes?manufacturer=476
http://www.pys.com/shoes?manufacturer=741
http://www.pys.com/shoes?manufacturer=483
http://www.pys.com/shoes?manufacturer=1088
http://www.pys.com/shoes?manufacturer=485
http://www.pys.com/shoes?manufacturer=487
http://www.pys.com/shoes?manufacturer=513
http://www.pys.com/shoes?manufacturer=515
http://www.pys.com/shoes?manufacturer=516
http://www.pys.com/shoes?gender=56
http://www.pys.com/shoes?gender=55
http://www.pys.com/shoes?gender=58
http://www.pys.com/shoes?gender=54
http://www.pys.com/shoes?gender=57
http://www.pys.com/shoes?size_shoes=645
http://www.pys.com/shoes?size_shoes=334
http://www.pys.com/shoes?size_shoes=335
http://www.pys.com/shoes?size_shoes=336
http://www.pys.com/shoes?size_shoes=337
http://www.pys.com/shoes?size_shoes=338
http://www.pys.com/shoes?size_shoes=339
http://www.pys.com/shoes?size_shoes=340
http://www.pys.com/shoes?size_shoes=341
http://www.pys.com/shoes?size_shoes=342
http://www.pys.com/shoes?size_shoes=343
http://www.pys.com/shoes?size_shoes=344
http://www.pys.com/shoes?size_shoes=345
http://www.pys.com/shoes?size_shoes=346
http://www.pys.com/shoes?size_shoes=347
http://www.pys.com/shoes?size_shoes=348
http://www.pys.com/shoes?size_shoes=349
http://www.pys.com/shoes?size_shoes=350
http://www.pys.com/shoes?size_shoes=351
http://www.pys.com/shoes?size_shoes=352
http://www.pys.com/shoes?size_shoes=353
http://www.pys.com/shoes?size_shoes=354
http://www.pys.com/shoes?size_shoes=355
http://www.pys.com/shoes?size_shoes=356
http://www.pys.com/shoes?size_shoes=357
http://www.pys.com/shoes?size_shoes=358
http://www.pys.com/shoes?size_shoes=359
http://www.pys.com/shoes?size_shoes=360
http://www.pys.com/shoes?size_shoes=361
http://www.pys.com/shoes?size_shoes=362
http://www.pys.com/shoes?size_shoes=363
http://www.pys.com/shoes?size_shoes=365
http://www.pys.com/shoes?size_shoes=366
http://www.pys.com/shoes?color=619
http://www.pys.com/shoes?color=618
http://www.pys.com/shoes?color=617
http://www.pys.com/shoes?color=616
http://www.pys.com/shoes?color=615
http://www.pys.com/shoes?color=614
http://www.pys.com/shoes?color=613
http://www.pys.com/shoes?color=612
http://www.pys.com/shoes?color=611
http://www.pys.com/shoes?color=610
http://www.pys.com/shoes?color=609
http://www.pys.com/shoes?color=608
http://www.pys.com/shoes?color=607
http://www.pys.com/shoes?color=605
http://www.pys.com/shoes?color=604
http://www.pys.com/shoes?color=603
http://www.pys.com/shoes?color=602
http://www.pys.com/shoes?color=601
http://www.pys.com/shoes?color=600
http://www.pys.com/shoes?color=599
http://www.pys.com/shoes?color=598
http://www.pys.com/shoes?color=597
http://www.pys.com/shoes?color=596
http://www.pys.com/shoes?color=595
http://www.pys.com/shoes?color=594
http://www.pys.com/shoes?color=593
http://www.pys.com/shoes?color=592
http://www.pys.com/shoes?color=591
http://www.pys.com/shoes?color=590
http://www.pys.com/shoes?dir=asc&order=stock_date
http://www.pys.com/shoes?p=2
http://www.pys.com/shoes?p=3
http://www.pys.com/shoes?p=4
http://www.pys.com/shoes?p=5
http://www.pys.com/asics-tiger-men-gel-respector-veg-tan-pack-black-sand-ash6t4l-9005-80
http://www.pys.com/asics-tiger-men-gel-lyte-iii-veg-tan-pack-burgundy-tan-ash6v3n-2671-80
http://www.pys.com/adidas-men-rod-laver-super-primeknit-navy-collegiate-navy-vintage-white-ads80513-50
http://www.pys.com/adidas-men-rod-laver-super-primeknit-white-footwear-white-collegiate-navy-ads80512-50
http://www.pys.com/adidas-men-tubular-invader-strap-black-core-black-vintage-white-adbb5037-80
http://www.pys.com/adidas-women-stan-smith-white-footwear-white-collegiate-red-ads76664-60
http://www.pys.com/adidas-women-superstar-ro-white-footwear-white-night-indigo-ads80289-75
http://www.pys.com/adidas-women-tubular-defiant-primeknit-black-core-black-core-white-ads79864-60
http://www.pys.com/new-balance-women-1550-suede-wl1550nb-gray-steel-silver-mink-nbwl1550nb-60
http://www.pys.com/adidas-men-zx-flux-adv-x-gray-light-onix-craft-khaki-chalk-white-ads76364-90
http://www.pys.com/adidas-men-tubular-invader-strap-red-vintage-white-adbb5039-80
http://www.pys.com/adidas-men-white-mountaineering-court-black-core-black-footwear-white-ads81912-80
http://www.pys.com/adidas-women-zx-flux-adv-virtue-primeknit-red-shock-red-collegiate-navy-ads81902-60
http://www.pys.com/asics-tiger-men-gel-lyte-v-blue-classic-blue-black-ash6s4l-4290-80
http://www.pys.com/asics-tiger-men-gel-lyte-v-red-black-ash6s4l-2590-80
http://www.pys.com/asics-tiger-men-gel-lyte-iii-black-light-grey-ash6w1l-9013-80
http://www.pys.com/asics-tiger-women-gel-lyte-iii-white-light-grey-ash6u9l-0113-60
http://www.pys.com/asics-tiger-men-gel-kayano-trainer-evo-gray-black-ash6n0n-1290-80
http://www.pys.com/asics-tiger-men-gel-lyte-v-teal-cockatoo-black-ash6s4l-4790-80
http://www.pys.com/adidas-men-la-trainer-og-mig-black-metallic-silver-core-black-adbb3774-80
http://www.pys.com/puma-x-fenty-by-rihanna-women-leadcat-slides-gray-pu362266-09-55
http://www.pys.com/puma-x-fenty-by-rihanna-women-leadcat-slides-black-pu362266-03-55
http://www.pys.com/puma-x-fenty-by-rihanna-women-leadcat-slides-pink-shell-pu362266-04-55
http://www.pys.com/puma-x-fenty-by-rihanna-women-leadcat-slides-white-pu362266-02-55
http://www.pys.com/puma-x-rihanna-fenty-women-suede-creepers-camo-orange-camo-pu362341-01-55
http://www.pys.com/adidas-men-zx-flux-primeknit-red-ads76497-80

/2015-Nike-Air-Foamposite-One-Metallic-Gold-Black-314996-700-4-7-3465346534643654.htm
/2015-Nike-Air-Foamposite-Pro-Gym-Red-Red-October-GS-4y-7y-34653465346534654.htm

/collections/kids-youth
/collections/used
/collections/adidas
/collections/puma
/collections/sale
/collections/nike-apparel
/blogs/news/this-just-in-air-force-ones
/blogs/news/air-jordan-12-retro-gym-red-at-padded-room
/blogs/news/17706380-3-26-air-max-day-part-i
/blogs/news/17710088-nike-air-foamposite-metallic-gold-closer-look
/blogs/news/15957292-pre-orders-available-for-the-air-jordan-6-retro-infrared-23-releasing-on-nov-29th
/blogs/news/15187017-air-jordan-6-retro-sport-blue
/blogs/news/15186929-air-jordan-14-retro-ferrari
/blogs/news/14822433-padded-room-sneakers
/blogs/news/11470913-air-jordan-3-retro-powder-blue
/blogs/news/9221065-nike-hyperdunk-2013-kyrie-irving-quickstrike
/blogs/news/9103801-sneaker-feature-air-jordan-3lab5


/prices-drop.php
http://www.holygrailgoods.com/6-air-jordan
http://www.holygrailgoods.com/26-air-jordan-1
http://www.holygrailgoods.com/54-air-jordan-2
http://www.holygrailgoods.com/55-air-jordan-3
http://www.holygrailgoods.com/56-air-jordan-4
http://www.holygrailgoods.com/57-air-jordan-5
http://www.holygrailgoods.com/58-air-jordan-6
http://www.holygrailgoods.com/59-air-jordan-7
http://www.holygrailgoods.com/60-air-jordan-8
http://www.holygrailgoods.com/61-air-jordan-9
http://www.holygrailgoods.com/62-air-jordan-10
http://www.holygrailgoods.com/63-air-jordan-11
http://www.holygrailgoods.com/64-air-jordan-12
http://www.holygrailgoods.com/65-air-jordan-13
http://www.holygrailgoods.com/66-air-jordan-14
http://www.holygrailgoods.com/67-air-jordan-15
http://www.holygrailgoods.com/68-air-jordan-16
http://www.holygrailgoods.com/69-air-jordan-17
http://www.holygrailgoods.com/70-air-jordan-18
http://www.holygrailgoods.com/71-air-jordan-19
http://www.holygrailgoods.com/72-air-jordan-23
http://www.holygrailgoods.com/73-air-jordan-21
http://www.holygrailgoods.com/74-air-jordan-22
http://www.holygrailgoods.com/75-air-jordan-23
http://www.holygrailgoods.com/79-jordan-other
http://www.holygrailgoods.com/10-nike-basketball
http://www.holygrailgoods.com/93-lebron-james
http://www.holygrailgoods.com/94-kobe-bryant
http://www.holygrailgoods.com/96-basketball-other
http://www.holygrailgoods.com/287-charles-barkley
http://www.holygrailgoods.com/288-hyperdunk
http://www.holygrailgoods.com/289-kevin-durant
http://www.holygrailgoods.com/9-nike-sb
http://www.holygrailgoods.com/86-sb-dunk-high
http://www.holygrailgoods.com/87-sb-dunk-low
http://www.holygrailgoods.com/88-sb-dunk-mid
http://www.holygrailgoods.com/89-sb-blazer
http://www.holygrailgoods.com/92-other-sb
http://www.holygrailgoods.com/8-nike-dunk
http://www.holygrailgoods.com/85-dunk-low
http://www.holygrailgoods.com/7-nike-air-force
http://www.holygrailgoods.com/80-air-force-1-low
http://www.holygrailgoods.com/81-air-force-1-mid
http://www.holygrailgoods.com/82-air-force-1-high
http://www.holygrailgoods.com/83-air-force-2
http://www.holygrailgoods.com/11-nike-running
http://www.holygrailgoods.com/102-air-max-1
http://www.holygrailgoods.com/103-air-max-90
http://www.holygrailgoods.com/104-air-max-95
http://www.holygrailgoods.com/105-air-max-97
http://www.holygrailgoods.com/107-other-running
http://www.holygrailgoods.com/13-nike-other
http://www.holygrailgoods.com/283-vandal
http://www.holygrailgoods.com/286-other-nike
http://www.holygrailgoods.com/14-adidas
http://www.holygrailgoods.com/16-vans
http://www.holygrailgoods.com/21-other-sneakers
http://www.holygrailgoods.com/5416-air-yeezy.html
http://www.holygrailgoods.com/6354-girls-jordan-4-retro-ps-487725-607-pink-fl-wht-cmnt-gry-elctr-prpl.html
http://www.holygrailgoods.com/5417-lebron-x-ext-qs.html
http://www.holygrailgoods.com/6872-air-jordan-6-retro-air-jordan-6-retro-384664-116-maroon-off-white-new-maroon.html
http://www.holygrailgoods.com/7209-air-jordan-14-retro-bg-487524-005-black-black-white-vivid-green.html
http://www.holygrailgoods.com/7062-air-max-ld-zero-848624-410-htm-obsidian-white.html
http://www.holygrailgoods.com/7186-little-posite-one-gs-644791-002-black-white-game-royal.html
http://www.holygrailgoods.com/6116-air-jordan-5-retro-gs.html

/jordans/
/adidas/
/nike-dunk/
/nike-sb/
/nike-basketball/
/other-nike/
/other-brands/
/kobe-1/
/air-jordan/
/jordans
/nike-dunk
/nike-sb
/nike-basketball
/other-nike
/other-brands

/collections/air-jordan-1
/collections/air-jordan-3
/collections/air-jordan-4
/collections/air-jordan-5
/collections/air-jordan-6
/collections/air-jordan-7
/collections/air-jordan-8
/collections/air-jordan-9
/collections/air-jordan-10
/collections/air-jordan-11
/collections/air-jordan-12
/collections/air-jordan-13
/collections/air-jordan-14
/collections/air-jordan-xx3
/collections/bape




/collections/jordan-2




/collections/jordans
/collections/air-jordans-1
/collections/air-jordans-2
/collections/air-jordans-3
/collections/air-jordans-4
/collections/air-jordans-5
/collections/air-jordans-6
/collections/air-jordans-7
/collections/air-jordans-8
/collections/air-jordans-9
/collections/air-jordans-10
/collections/air-jordans-11
/collections/air-jordan-24
/collections/air-jordan-16
/collections/air-jordan-17
/collections/air-jordan-18
/collections/air-jordan-19
/collections/air-jordan-20
/collections/other-jordans
/collections/nike-air-force-i
/collections/nike-dunks
/collections/nike-others
/collections/other-brands
/collections/kids
/products/pre-order-air-jordan-reto-12-the-master
/products/pre-order-air-jordan-retro-12-valentine-youth
/products/copy-of-pre-order-air-jordan-reto-12-the-master
/products/pre-order-jordan-retro-11-2015
/products/mens-air-jordan-retro-12s-flu-game-pre-order
/products/mens-air-jordan-retro-12-french-blue-pre-order
/products/copy-of-in-hand-ready-to-be-shipped-air-jordan-retro-12-valentine-gp
/products/copy-of-in-hand-ready-to-be-shipped-air-jordan-retro-12-valentine-youth
/products/pre-order-air-jordan-retro-4-white-cement
/products/in-hand-ready-to-be-shipped-air-jordan-retro-12-master-pre-school-1
/products/nike-air-foamposite-wu-tang-yellow-black-314996-701
/products/youth-air-jordan-retro-12-french-blue-pre-order
/products/pre-order-nike-air-jordan-5-retro-black-metallic-og-nike-air-black-silver
/products/pre-order-air-jordan-retro-7-hare
/products/pre-order-jordan-retro-11-holiday-2015-72-10-youth
/products/pre-order-air-jordan-12-gym-red
/products/pre-order-jordan-retro-12-french-blue-pre-school
/products/copy-of-in-hand-ready-to-be-shipped-nike-little-posite-one-gs-university-blue-644791-402
/products/pre-order-air-jordan-retro-7-hare-youth
/products/pre-order-air-jordan-5-retro-space-jams
/products/pre-order-air-jordan-retro-11-low-bred
/products/youth-air-jordan-retro-12-flu-game-pre-order
/products/pre-order-mens-gucci-foamposite
/products/pre-order-air-jordan-7-bordeaux
/products/pre-order-air-jordan-7-bordeaux-youth
/products/pre-order-air-jordan-14-retro-laney
/products/pre-order-nike-air-jordan-retro-10-vivid-pinks
/products/pre-order-nike-air-jordan-12-retro-grey-unc-130690-007
/products/air-jordan-11-citrus-lows-gs-youth
/products/pre-order-air-jordan-8-retro-c-c-champagne-832821-030
/products/pre-order-nike-air-foamposite-one-gold
/products/pre-order-nike-air-foamposite-black-fruity-pebbles
/products/pre-order-jordan-retro-12-french-blue-pre-school-1
/products/copy-of-pre-order-air-jordan-retro-4-white-cement
/products/pre-order-air-jordan-11lab4-retro
/products/pre-order-air-jordan-13-low-breds
/products/pre-order-nike-foamposite-one-university-blue
/products/mens-nike-air-foamposite-blue-mirror-exclusive
/products/air-jordan-7-retro-gs-youth-304774-107
/products/pre-order-air-jordan-7-retro-sweater
/products/pre-order-air-jordan-6-maroon-384664-116
/products/air-jordan-5-retro-136027-405
/products/in-hand-ready-to-be-shipped-air-jordan-retro-12-master-pre-school
/products/pre-order-air-jordan-8-aqua
/products/pre-order-nike-air-jordan-9-retro-low-pantone
/products/pre-order-air-jordan-10-gs-charlotte-hornets
/products/pre-order-air-jordan-10-charlotte-hornets
/products/pre-order-air-jordan-9-mens-anthracite-302370-013
/products/pre-order-air-jordan-7-marvin-the-martian

/collections/youth-sizes
/collections/air-jordan
/collections/air-jordan-2
/collections/air-jordan-15
/collections/other-jordan
/collections/ewing
/collections/fairplay
/collections/focused-space
/collections/jordan-future
/collections/kd


/sneakers?mfp=manufacturers[12]
/sneakers?mfp=manufacturers[12],13-collection[Air%20Jordan%201]
/sneakers?mfp=manufacturers[12],13-collection[Air%20Jordan%202]
/sneakers?mfp=manufacturers[12],13-collection[Air%20Jordan%203]
/sneakers?mfp=manufacturers[12],13-collection[Air%20Jordan%204]
/sneakers?mfp=manufacturers[12],13-collection[Air%20Jordan%205]
/sneakers?mfp=manufacturers[12],13-collection[Air%20Jordan%206]
/sneakers?mfp=manufacturers[12],13-collection[Air%20Jordan%207]
/sneakers?mfp=manufacturers[12],13-collection[Air%20Jordan%208]
/sneakers?mfp=manufacturers[12],13-collection[Air%20Jordan%209]
/sneakers?mfp=manufacturers[12],13-collection[Air%20Jordan%2010]
/sneakers?mfp=manufacturers[12],13-collection[Air%20Jordan%2011]
/sneakers?mfp=manufacturers[12],13-collection[Air%20Jordan%2012]
/sneakers?mfp=manufacturers[12],13-collection[Air%20Jordan%2013]
/sneakers?mfp=manufacturers[12],13-collection[Air%20Jordan%2014]
/sneakers?mfp=manufacturers[12],13-collection[Air%20Jordan%2015]
/sneakers?mfp=manufacturers[12],13-collection[Air%20Jordan%2016]
/sneakers?mfp=manufacturers[12],13-collection[Air%20Jordan%2017]
/sneakers?mfp=manufacturers[12],13-collection[Air%20Jordan%2018]
/sneakers?mfp=manufacturers[12],13-collection[Air%20Jordan%2019]
/sneakers?mfp=manufacturers[12],13-collection[Air%20Jordan%2020]
/sneakers?mfp=manufacturers[12],13-collection[Air%20Jordan%2021]
/sneakers?mfp=manufacturers[12],13-collection[Air%20Jordan%2022]
/sneakers?mfp=manufacturers[12],13-collection[Air%20Jordan%2023]
/sneakers?mfp=manufacturers[12],13-collection[Jordan%20Future]
/sneakers?mfp=manufacturers[11]
/sneakers?mfp=manufacturers[11],13-collection[Lebron%20James]
/sneakers?mfp=manufacturers[11],13-collection[Kobe%20Bryant]
/sneakers?mfp=manufacturers[11],13-collection[Janoski]
/sneakers?mfp=manufacturers[11],13-collection[Charles%20Barkley]
/sneakers?mfp=manufacturers[11],13-collection[Kevin%20Durant]
/sneakers?mfp=manufacturers[11],13-collection[Dunk%20SB]
/sneakers?mfp=manufacturers[11],13-collection[Posite]
/sneakers?mfp=manufacturers[14,13,16,15]
/sneakers?mfp=manufacturers[14]
/sneakers?mfp=manufacturers[13]
/sneakers?mfp=manufacturers[16]
/sneakers?mfp=manufacturers[22]
/sneakers?mfp=manufacturers[15]
https://sneakerdon.com/air-jordan-1-retro-high-og-shattered-backboard-555088-005&search=555088-005
http://sneakerdon.com/air-jordan-3-bhm-black-history-month-455657-001
http://sneakerdon.com/puma-blaze-og-the-list-354320-01
http://sneakerdon.com/nike-kobe-8-system-premium-what-the-kobe-635438-800
http://sneakerdon.com/dunk-low-pro-sb-1-304292-868
http://sneakerdon.com/air-jordan-10-retro-powder-blue-310805-106
http://sneakerdon.com/air-jordan-5-retro-fear-pack-626971-350
http://sneakerdon.com/nike-zoom-kobe-7-system-gold-medal-488371-104
http://sneakerdon.com/nike-dunk-low-premium-sb-qs-crawfish-504750-660
http://sneakerdon.com/nike-dunk-low-premium-sb-313170-018
http://sneakerdon.com/nike-lebron-10-gs-cutting-jade-543564-301
http://sneakerdon.com/nike-barkley-posite-max-area-72-588527-060
http://sneakerdon.com/nike-air-yeezy-2-366164-111
http://sneakerdon.com/air-jordan-2-high-db-charity-318304-071
http://sneakerdon.com/nike-air-yeezy-2-sp-red-october-508214-660
http://sneakerdon.com/nike-lebron-10-must-be-the-honey-pack-578346-994
http://sneakerdon.com/nike-air-foamposite-one-paranorman-579771-003
http://sneakerdon.com/nike-nike-lebron-8-preheat-south-beach-417098-401
http://sneakerdon.com/nike-dunk-low-premium-sb-yellow-lobster-313170-137566
http://sneakerdon.com/nike-sb-what-the-dunk-318403-141
http://sneakerdon.com/nike-air-mag-back-to-the-future-417744-001
http://sneakerdon.com/air-jordan-2-retro-eminem-308308-002
http://sneakerdon.com/air-jordan-2-retro-385475-102
http://sneakerdon.com/nike-dunk-low-pro-sb-3-304292-510
http://sneakerdon.com/air-jordan-1-retro-high-og-shattered-backboard-555088-005
http://sneakerdon.com/nike-dunk-low-premium-sb-1-313170-015
http://sneakerdon.com/air-jordan-5-retro-pro-stars-136027-115
http://sneakerdon.com/air-jordan-4-retro-laser-30th-anniversary-705333-105
http://sneakerdon.com/air-jordan-11-retro-low-bred-528895-012
http://sneakerdon.com/nike-lebron-10-pure-platinum-541100-008

http://osneaker.com/air-jordan.html
http://osneaker.com/nike.html
http://osneaker.com/jordan-brand.html
http://osneaker.com/air-jordan-xii-12-retro-french-blue-2016.html
http://osneaker.com/air-jordan-iv-4-white-cement-89-retro.html
http://osneaker.com/air-jordan-ix-9-low-bright-mango.html
http://osneaker.com/air-jordan-vii-7-retro-raptors-2332.html
http://osneaker.com/nike-air-max-1-sup-trophy-pack-21034.html
http://osneaker.com/air-jordan-vi-6-retro-sport-blue-26655.html
http://osneaker.com/air-jordan-xii-12-retro-gamma-blue-25269.html
http://osneaker.com/air-jordan-x-10-paris-city-pack.html
http://osneaker.com/air-jordan-v-5-retro-grapes-2013-gs-25421.html
http://osneaker.com/air-jordan-xiii-13-retro-gym-red-25039.html
http://osneaker.com/air-jordan-x-10-retro-lady-liberty-gs-25155.html
http://osneaker.com/nike-lebron-xi-11-christmas-gs-25026.html
http://osneaker.com/air-jordan-iii-3-retro-powder-blue-gs-25161.html
http://osneaker.com/nike-id-zoom-kobe-vi-6-villanova-wildcats.html
http://osneaker.com/nike-id-kd-vi-6-high-voltage.html
http://osneaker.com/nike-kd-vi-6-illusion-all-star-edition-gs-24979.html
http://osneaker.com/adidas-crazy-explosive-primeknit-solar-red.html
http://osneaker.com/nike-air-little-foamposite-pro-gs-yeezy.html
http://osneaker.com/air-jordan-v-5-retro-oreo-gs-24901.html
http://osneaker.com/air-jordan-xvi-5-16-5-hoh-college-blue-25200.html
http://osneaker.com/air-jordan-i-1-retro-high-og-unc.html
http://osneaker.com/air-jordan-18-5-white-black-25308.html
